text,rating,lat,lon,sentiment,sentiment_score
The High Line is a beautiful elevated walkway that can take you from Chelsea Market to Hudson Yards.  It offers gorgeous views of the city and beautiful art.  It was winter when we visited so I can only imagine how beautiful it is in the green months. Such a beautiful walk in the city.  We absolutely love this area of the city.,5,40.7479925,-74.0047649,POSITIVE,1
Very cool park and something my wife and I always try and hit when we visit Manhattan! Such a nice job of reusing space and it is very well organized. Definitely worth walking if you’re strolling the city.,5,40.7479925,-74.0047649,POSITIVE,1
"I had been wanting to visit this place for a while. After visiting the Coulée Verte a few years ago and learning that NYC has its own elevated park, I knew it was a must see. I visited on 01/09/2025. Despite the frigid weather, the park felt quiet, peaceful and perhaps more beautiful in its own way. The architecture, seating areas, and views of NYC from multiple angles were impressive. I was pleasantly surprised to end up at Little Island which was another cool spot to explore.",5,40.7479925,-74.0047649,POSITIVE,1
"I absolutely love walking on the highline, whether taking time for myself or commuting to work, there is such great architecture to be seen. Whether you start your experience walking the highline from the West village to Hudson Yards or from Hudson Yards to the West village you can truly see the diversity of the West side neighborhoods in Manhattan. The planning of the walkway in coordination with the artwork, the trees and flowers is well thought out. There are plenty of options to sit and enjoy the views, especially catching the sunrise or the sunset. My favorite time is in the morning when the city is quiet. The design of this park is truly incredible.",5,40.7479925,-74.0047649,POSITIVE,1
What an amazing place! An old rail track converted into an elevated walking path. You get to walk looking on one side at the Hudson River and enjoying the architecture of the surrounding buildings. I would love to see it again in the warm season to enjoy the lounge areas and the green! It’s a must-see!,5,40.7479925,-74.0047649,POSITIVE,1
"Central Park is love!
• I’m so glad I booked an accommodation near the park. I could walk to the southwest entrance in less than 10 minutes. Such a dream!
• I witnessed the park both before the snowstorm and right after the snowfall. Truly magical. The trees and views were magnificent, but I especially loved it the day after the snow when everything was beautifully snow-capped.
• I got to take gorgeous photos before the storm too — the colors were vibrant and stunning in their own way.
• The walkways were cleared quickly after the storm, though there were still some slippery, icy spots, so be careful!
• The park is massive, yet it’s the perfect place to find stillness in busy, noisy NYC. There are so many quiet, uncrowded corners — especially during winter.

Winter in Central Park just hits different ❄️🤍",5,40.7825547,-73.9655834,POSITIVE,1
"Beautiful snowy central park for my first visit. It was blistering cold but it was still so peaceful and calm. Had a green tea and mini carrot cake at pain au quotidien for some warmth and a little pit stop. I enjoyed my 25000 step walk through Times Square, central park and onward to the Met. Can't wait to see it again during a different season. It was very romantic in the winter weather",4,40.7825547,-73.9655834,POSITIVE,1
"New York City is a place of constant energy and contrast, where towering buildings, busy streets, and diverse cultures come together to create a unique atmosphere. Amid this fast-paced environment, Central Park stands out as a peaceful and beautiful retreat at the very heart of the city. Its presence gives New York a balance that few other cities can match.
Central Park offers a refreshing escape from the surrounding skyscrapers and traffic. Wide green lawns, tree-lined paths, and quiet lakes create a sense of calm that feels almost surprising given the city around it. Visitors can walk, relax, or simply sit and observe, enjoying the slower rhythm that the park provides. Each season brings a different kind of beauty, from blooming flowers in spring to colorful leaves in autumn.
The park is also rich in character and variety. Bridges, fountains, and open spaces are thoughtfully designed, blending natural beauty with careful planning. Musicians, artists, and families add life to the park, making it feel welcoming and vibrant without overwhelming its peaceful nature. Central Park reflects the diversity of New York itself, bringing people from all backgrounds together in one shared space.
Overall, New York City is impressive for its scale and ambition, but Central Park is what gives it warmth and balance. It is a reminder that even in the busiest cities, there is room for nature, reflection, and quiet beauty.",5,40.7825547,-73.9655834,POSITIVE,1
"This park feels like the ultimate urban escape and comes remarkably close to perfection. One moment you’re wandering through peaceful wooded paths, and the next you’re relaxing on open lawns or enjoying live performances, many of them free. There’s so much to do—boating on the lake, people-watching, or simply soaking in the scenery. In certain areas, it’s easy to forget you’re even in the middle of a city. For anyone visiting New York, spending time here is a must. With attractions like a zoo, carousel, ice-skating rink, and even a castle, the park offers something memorable for every age.",5,40.7825547,-73.9655834,POSITIVE,1
"Central Park is truly one of the greatest urban parks in the world. No matter the season, it offers something special — beautiful walking paths, peaceful lakes, open green spaces, iconic landmarks, and endless spots to relax or explore. It’s amazing how you can step away from the city’s energy and immediately feel calm and refreshed.

Whether you’re walking, running, biking, visiting attractions like Bethesda Terrace, Bow Bridge, or Strawberry Fields, or simply sitting on a bench enjoying the views, Central Park never disappoints. It’s perfect for families, couples, solo walks, and tourists alike. A must-visit every time I’m in NYC — timeless, beautiful, and unforgettable.

Best time to visit:
April last two weeks
November first two weeks
January last two weeks",5,40.7825547,-73.9655834,POSITIVE,1
"A small island transformed into a beautiful floating public park on the banks of the Hudson River, perfect for a family stroll, enjoying its gardens and the lovely view, and taking photos with your partner or family. Don't miss this little island! If you're in the Hudson area, there's parking available, and entry to the island is completely free. Enjoy its gardens and different levels. I visited in winter, and it was beautiful. I'll return in summer to enjoy the area. Restrooms are available",5,40.7420024,-74.010299,POSITIVE,1
"Little Island is a very unique and beautiful park with amazing views of the river and the city. The design is creative, and there are plenty of spots to sit and enjoy the scenery. It’s a great place for a relaxing walk or taking photos. The park feels peaceful even when it’s busy. Definitely worth visiting if you’re nearby.",5,40.7420024,-74.010299,POSITIVE,1
"Such a beautiful garden in NYC. Definitely worth the effort to come and walk here. It has amazing views,  beautiful plants. It's decently accessible, there's ramps to most (if not all) of the sections. There's seating all around and clearly is used for events and such. Also, based on what I read it's open for long periods of the day, which is excellent 👍 highly recommend coming here.",5,40.7420024,-74.010299,POSITIVE,1
"What a great park!  Shoutout to Heatherwick Studios for creating something very unique with something for everyone.  The main entrance through concrete piers was very cool, and the park itself is surprisingly large.  There are some great views of New Jersey and the new World Trade Center.  Its a bit of a maze with plenty of little areas to relax and get away from the crowds.  The amphitheater was a pleasant surprise.
Bonus - there are some very clean public washrooms!",5,40.7420024,-74.010299,POSITIVE,1
"With out a doubt this is an architectural highlight - even for New York standards. Beautifully softly flowing lines amidst rectangular glass and steel structures. And all that on water.

#1 the looks
The concrete elements remind me of cone-shaped filter hoppers. They are the foundation for the nature on top. It’s funny, although knowing that the nature is somewhat artificial it feels surprising natural when walking through it. The trees add a particular charm when the shine in their autumn colours.

#2 the functionalities
It houses an amphitheater and some snack points. The entrance arch itself is made from those cone-shaped filter hoppers.

#3 the metropolitan audacity
The amount of money spend on such a project is only possible in a city like New York. It does take some metropolitan audacity to pitch a project like that.
And I’m so grateful that it has been pitched, had won the tender and has ever since attracted so many people.
A truly creative endeavour.",5,40.7420024,-74.010299,POSITIVE,1
"Whether you’re a New York local like me or are visiting from elsewhere in the world, you cannot go wrong with choosing One World Observatory as your observation deck of choice! One World Trade Center is the tallest building in the Western Hemisphere, making it an excellent choice.

For reference, the WTC is located in Downtown Manhattan, as opposed to the other major observation decks, which are situated in the Midtown area. This means that your view here will center on the water (Hudson & East Rivers, NY Harbor, and the three bridges). You still get great views of the skyscrapers in midtown, but you will be looking at them from a distance, as opposed to feeling in the middle of them as you would at a Midtown observation deck.

The experience begins straight away with an elevator ride showcasing the entire history of NYC’s development, dating back several hundred years. While the ascent only lasts less than a minute, it is still a wonderful show. Once you get to the observation deck floor, a surprise awaits, revealing the view from over 1,250 feet up right in front of your eyes!

There are several extra experiences that you can partake in while at the observatory, including an iPad that details the various landmarks around you, as well as the ONE Dine cafe. These do come at an extra charge.

The views all around the observatory are breathtaking, spanning 360 degrees and giving you a clear view of the city, waterways, and buildings all around you. I highly recommend choosing One World and pairing it with a visit to the 9/11 Memorial & Museum for the day!",5,40.7130062,-74.013173,POSITIVE,1
"Incredible views and a really smooth overall experience. The elevator ride and intro are well done, and once you’re up there the panoramic skyline is unreal—Statue of Liberty, the bridges, and all of Manhattan in one shot. It can get crowded, but the space is big enough that you can still find great angles for photos. Tip: Go near sunset for the best lighting and plan a little extra time for lines.",5,40.7130062,-74.013173,POSITIVE,1
"View is ok, nice on Brooklyn bridge but far from other interesting sight even statue of liberty. Would not recommend to go there prefer the other towers (i did them all, edge, Vanderbilt, top of the rock and empire state). Pricing is high, online fee applies even if you buy at the counter since ther are only automatic machines to process the ticket order, so disguise way to pay more (but they all do this). What i dislike also is the queue to get the ipad for the explanation, 20usd more on top of the entrance fee. I did not take it nevertheless was mandatory to queue, then you go via bar then restaurant before going to the single floor where you can enjoy the view. View is nice but not unforgettable.",1,40.7130062,-74.013173,NEGATIVE,-1
"Visiting again because it's so beautiful! Stunning view and a perfect place for watching the sun set. Interactive details prior to the observation platform. Could see the twin tower monument and the oculus from up high. Stayed for almost 2 hours as it was just so breathtaking and had some resting benches to enjoy the view from. Definitely worth a visit!

Pro tip: if you have glare appear on your pictures through the glass, ask a friend to hold a jacked wide open behind you, worked well to get clear pictures!",5,40.7130062,-74.013173,POSITIVE,1
"Beware their website will sell you tickets for time slots when they are closed for wind. This happened to us, and their first response was that we could just come back, which as a tourist destination doesn’t always work with schedules, and at effectively $50/person, that’s a decent chunk of change to leave town without.  They did refund us, but took being there in person and pointing out how it’s rather unethical to sell tickets on your own website for times you know you’re closed.

Luckily we were able to swing a stop by on the way to the airport the following morning.  The view is really cool, and given that it was in the single digits outside, being inside was pretty sweet.",4,40.7130062,-74.013173,NEGATIVE,-1
"What an amazing trip. We had reservations and express tickets but the day we went, there was hardly a crowd so while we still used the express line and it helped during one of the turns, it was barely noticeable. Im sure if it was super crowded, then it would’ve been more noticeable in terms of getting in faster and going upstairs faster. From the moment you walk in, it is beautiful. The ride up to the 80th floor was quick and easy barely felt it. They had this cute video playing so it just felt super fast like the ride was super fast. The views are definitely out of this world. Then we took another elevator up to the second level observatory and again just phenomenal views. Went with kids. Staff members there were very good at giving directions very patient and also constantly watching what’s going on. Felt super safe felt super calm and had a great time. Check it out.",5,40.7484405,-73.98566439999999,POSITIVE,1
"Visiting the Empire State Building is one of those experiences that lives up to its reputation. There’s a sense of history the moment you step inside—this isn’t just an observation deck, it’s a piece of New York’s story. The exhibits do a great job walking you through the building’s construction, its place in pop culture, and what it has symbolized for generations.

The views from the top are unreal. Being able to look out over Manhattan and see the city stretch in every direction really puts its scale into perspective. It doesn’t matter how many photos you’ve seen—seeing it in person hits differently. We visited in January, and while it was cold at the top, the clearer winter air made the views even sharper.

What stood out was how smooth and well-organized the entire experience felt. Security and elevators moved efficiently, and even with other visitors around, it never felt chaotic. The colder season definitely helped keep crowds manageable, giving us time to actually enjoy the moment instead of rushing through it.

The Empire State Building isn’t just about the view—it’s about standing in a place that’s been part of countless stories, movies, and memories. If it’s your first time in New York or your tenth, it’s still worth the visit.",5,40.7484405,-73.98566439999999,POSITIVE,1
"We had a great experience visiting the 86th floor, the 360° views are absolutely stunning! Travelling in winter really benefited us as there was no waiting time, which made the visit even more enjoyable. It’s definitely worth doing at least once when in New York. The museum area is also excellent and adds a lot to the overall experience. The staff here are very helpful, and the facilities are well suited for visitors with disabilities as well as families with kids and prams. Overall, a very smooth and memorable visit.",5,40.7484405,-73.98566439999999,POSITIVE,1
"Wow where do I start, to finally have the opportunity to see this beautiful building in person and go inside to the 80th, 86th and 102nd floor was just one in a lifetime opportunity which I am very proud of.

As you walk in your already taken aback with the beautiful interior designs of this amazing building I got in at 2:30pm and was in there till 6:30pm took my time in the museum reading all the interesting facts and history of this amazing building and the fact that it was built in 13 months is crazy as we now wait minimum 10-15 years for high rises to be built.

Also, when built it was the tallest building in the world and also had to most advanced lift systems in the world for its day and age and the fact that the same lift company still operates there daily is crazy and that it was originally a beautiful hotel, but the 13 month building period made me absolutely gobsmacked.

Then comes the 86th floor open 360 degrees open area was crazy I was breath taken by the views of the city all around you can see, New Jersey, Staten Island, Statue of Liberty, Times Square all over Manhattan, Central Park, Brooklyn, and etc.

Crazy views but I stayed there and waited for the Sunset which was at 5:18pm, and just before that like 20/30 mins before Sunset I went up to the 102nd floor which is literally at the tip of the tower and was a 360 glass room, it was such an honour to watch the Sunset behind Lady Liberty and Jersey City and then see the city to go from day to night and see all the night lights all around the city and the amazing lights in the city.

Finally, the end I was left speechless and would definitely love to be back to this amazing monument and the world’s most recognisable tower. If you’re visiting New York for the first time I highly recommend visiting the most beautiful building in the world.",5,40.7484405,-73.98566439999999,POSITIVE,1
"Of course you have to do this one at least once. We really enjoyed the area before you even go to the top, they give you an extensive history on the build and construction and have lifelike “views” you can look through to see the construction. It’s very cool, and fun for kids and adults. The elevator ride up is unique in that it “shows” you the actual construction as you go up to the top. It blows your mind that people worked on this and accomplished this, and we still get to see its beauty today. What a feat. The top itself is breathtaking, personally I think it’s fun to see during the day because you see the entirety of the city. However, at night it can feel more ethereal and dreamy, and can also make for some great city nightscape shots.",5,40.7484405,-73.98566439999999,POSITIVE,1
"The Statue of Liberty is the ultimate symbol of freedom!   I first visited in 2002, and seeing Lady Liberty up close still feels powerful. The views from the pedestal balcony are stunning, offering a 360° look at the NYC skyline and the harbor.

On the ground floor, the Statue of Liberty Museum is a must—it houses the original 1884 torch! Before you leave the island, check out the massive gift shop and enjoy a snack at the Crown Café.

Pro tip: For the best vlogger ""hero shot,"" stay on the ferry deck as you approach the island for a perfect scale photo with the skyline behind her. A 5-star historic experience!",5,40.6892494,-74.04450039999999,POSITIVE,1
Oh wow - when you cruise by the Statue of Liberty she truly is a beauty! We booked a trip to make the visit & included a walk up the very narrow wi ding steep steps… there are plenty of stop off points so don’t be put off. It’s tiny up there but a must do if you are see the statue why not go up inside? We loved it - part of the trip was to visit Ellis Island so we had best part of a day doing both islands,5,40.6892494,-74.04450039999999,POSITIVE,1
"Visiting the Statue of Liberty is a truly remarkable and inspiring experience. From the moment the ferry approaches Liberty Island, the statue commands attention with its scale, elegance, and symbolic presence. Standing proudly in New York Harbor, it offers a striking contrast between the calm water surrounding it and the distant movement of the city skyline.
Up close, the statue’s details become even more impressive. The carefully crafted folds of the robe, the raised torch, and the solemn expression convey a sense of strength and dignity. Its soft green patina, shaped by time and the elements, adds to its beauty and historical character. The monument does not merely impress visually; it carries a profound sense of meaning connected to freedom, hope, and opportunity.
Walking around Liberty Island allows visitors to appreciate the statue from multiple angles while enjoying the peaceful atmosphere of the harbor. The gentle sound of the water and the open views create a reflective environment, encouraging visitors to pause and consider the history associated with the site. For many, this location represents the journey of millions who arrived in America seeking a better future.
As the light changes throughout the day, the statue takes on different tones, becoming especially striking during sunset. Overall, visiting the Statue of Liberty is not only visually beautiful but also emotionally meaningful, leaving a lasting impression on those who experience it.",5,40.6892494,-74.04450039999999,POSITIVE,1
"Awesome visit! Seeing the Statue of Liberty in person was an unforgettable experience. There was a show that explained how the statue was built, the difficulties faced during its construction, and the purpose behind creating it, which made the visit even more meaningful. The history was inspiring, the views were incredible, and everything was well organized. Definitely a must-see attraction and a highlight of the trip.",5,40.6892494,-74.04450039999999,POSITIVE,1
"If you are visiting NYC, you have to visit the Statue of Liberty. It's not expensive either and the difference between Crown, Pedestal, and just the ferry ride amounts to a few dollars.

We did not get a chance to visit the crown as it was sold out, but we did get as high as the pedestal. Franky, getting on the island is the most important part as you want a photo with the Statue of Liberty in the background and not viewing from within her.

Getting on the ferry is interesting as airport-style security screening is involved. Once on the island, you have to use a locker to store any bags, strollers, etc before you can enter the Statue itself. An elevator is available to get to the pedestal, but coming down is stairs only if you are able-bodied.

Don't miss the Statue of Liberty if you're in NYC. Also, it's easy to get to via the subway.",5,40.6892494,-74.04450039999999,POSITIVE,1
"Grand Central Terminal is An Architectural & Transit Icon!

​Grand Central Terminal is a breathtaking masterpiece of architecture and a must-visit in NYC. From the outside, the massive Tiffany clock—the largest Tiffany glass work in the world—and the Transportation Statue featuring Mercury, Hercules, and Minerva are stunning sights to see before you even walk through the doors.
​Inside, the famous celestial ceiling and the opal clock make even a simple commute feel like a trip back in time. The layout is remarkably user-friendly and easy to navigate with clear, efficient signage for all travelers.
​Transit Hub: This is a truly central connection point. It seamlessly links the Metro-North, the NYC Subway (4, 5, 6, 7, and S lines), and now the LIRR via the new Grand Central Madison concourse.
​Note: While NJ Transit doesn't run directly here, it's a quick subway or shuttle ride away at Penn Station.
​Pro Tip: Don’t miss the Whispering Gallery or a meal at the Oyster Bar for the full experience.
​Dining & Shopping: The Dining Concourse and Grand Central Market offer excellent food options for a quick bite or a gourmet find.
​Accessibility: The station is designed for a smooth flow even during the busiest rush hours, with accessible elevators and clear paths between levels.",5,40.7533582,-73.9768041,POSITIVE,1
"This place is big! It’s amazing to see that it’s lasted as long as it has. Amazing architecture in details are everywhere. It’s very easy to get lost trying to find the train station that you’re supposed to be at, considering the person I was with who actually lives there couldn’t even figure it out. Tons and tons of shopping available lots of restaurants. We elected to eat at the pizzeria and found it to be really reasonably priced as well as pretty darn good pizza. We walked outside of the station for a few minutes and got a big view of downtown and all of the massive skyscrapers in the area. I wish I had more time to walk around and explore, but I did not.",5,40.7533582,-73.9768041,POSITIVE,1
"Since 1913 this iconic Nee York City place charmed tourists and locals with its grandeur.   A quintessential NYC landmark.
Tons of eateries and little boutiques.  Definitely worth at least a visit if you are in town with some time and appetite.
Check out lower level a food concourse with lots of delicious choices.",5,40.7533582,-73.9768041,POSITIVE,1
"I grew up in nyc all of my life and this experience left in me in awe. Wow its not only beautiful but very busy with people walking to their destinations and shopping places that's convenient, if u can afford it. But I was totally mesmerized by the decor and marble. And it led to the LIRR, metro, trains.",5,40.7533582,-73.9768041,POSITIVE,1
"Iconic landmark with stunning architecture

Grand Central Terminal is not just a train station but a New York City icon. The main concourse is breathtaking with its celestial ceiling mural, elegant arches, and constant energy. The Whispering Gallery is a fun hidden gem where you can test the acoustics. There are also plenty of shops, restaurants, and the Grand Central Market for local treats. Despite the crowds, it’s worth visiting to admire the architecture and soak in the history.",4,40.7533582,-73.9768041,POSITIVE,1
"The Dead Rabbit is hands down my favorite bar in NYC. The bartenders are incredible—knowledgeable, friendly, and always professional, even when the place is buzzing. And trust me, it does get busy, so be prepared for a lively crowd.

I usually hang out in the Tap Room, which has the perfect pub energy, but the Parlor upstairs is an absolute must-visit. Definitely make a reservation for the Parlor—it’s worth it.

The Dead Rabbit is all about great Irish pub food, top-tier cocktails, and one of the best pints of Guinness you’ll find anywhere in NYC. A classic for a reason. 🍀🍺",5,40.7032709,-74.01102279999999,POSITIVE,1
"The food was great! We shared a number of items on the menu. We had the Chicken Pot Pie, chicken tenders, and the fish and chips. The food was definitely made fresh. The crust on the pot 🥧 was delicious! Compliments to the chef.
The atmosphere was insane. Wall to wall people yet everyone made it work. Everyone was enjoying themselves despite being over capacity.
Don't come here if you want a quiet evening.",4,40.7032709,-74.01102279999999,POSITIVE,1
"The Dead Rabbit has a great name and an even more interesting setting.....once inside.  The deco of the place speaks to the history of the area.  The lobster devil eggs were unbelievable.  I ordered the house drink ""Doctors Orders"" and it was amazing....I had 3. Melissa was our server and she was great.

I highly recommend this place and its a must visit!!",5,40.7032709,-74.01102279999999,POSITIVE,1
"Is it one of the best - yes.

Big hype about the Guinness, and it really didn’t disappoint. Love the sawdust and the total vibe.

Staff were great - and we have a brilliant time, make sure you take a dollar bill so you can write a little note and the team will staple it to the wall for you.

They sad they never ever take these down, so it’s a nice thought to return some day and see the note you might have written years ago.

ENJOY!",5,40.7032709,-74.01102279999999,POSITIVE,1
"Definitely an iconic place and super busy no matter when you go. The food was good. Our party ordered multiple different drinks and all were good--Dr's Orders is the one to try. It was made clear we had 2 hours to sit, eat and drink because reservations are stacked, so not a place to lounge and take your time with friends. Was fun to try.",4,40.7032709,-74.01102279999999,POSITIVE,1
This is a very nice small park. It offers a dog park and a children’s playground. The Christmas tree was beautiful and it was way less crowded than uptown. It has many stores and places to eat around. Kind of fun to see the Empire State Building from the park. Very clean and fairly quiet.,5,40.7421951,-73.98799919999999,POSITIVE,1
"Madison Square Park is one of those parks you end up passing by all the time. There are so many great restaurants and trendy spots around, so it naturally becomes part of your daily route.

It’s a small park, but it always feels lively and full of energy, no matter what time you walk through.",5,40.7421951,-73.98799919999999,POSITIVE,1
"Heard about a. Free outdoor art installation at the park .
The wife and I took a stroll over to see it

The park is a nice leisurely stroll with families and friend abound

Yes you get the occasional crazy and homeless for sure it is NYC ..

The art was great

Next time I will bring a book to get some reading in",4,40.7421951,-73.98799919999999,POSITIVE,1
"Madison Square Park is a true gem. It’s arguably the third-best park in NYC and easily makes the top five on most New Yorkers’ lists.

The park shines especially in summer: you’ll often hear live music of surprisingly high caliber, see tired New Yorkers recharging on the lawn, or people enjoying a sunny afternoon suntan. There’s also a beautiful dog park, plus the famous burger restaurant right inside the park. With Eataly just across the street, it’s easy to grab a bite or espresso and enjoy it on a park bench.

Surrounded by landmark buildings and feeling relatively safe even in the evenings, Madison Square Park is simply beautiful all around",5,40.7421951,-73.98799919999999,POSITIVE,1
"We arrived a bit early for a lunch meet up at the ilili NoMad Lebanese restaurant near the Flat Iron building so we took the opportunity to explore Madison Square Park just in front of it.
It was our first visit to this 6.2 acre public park in the Flat Iron district in Central Manhattan and we liked it. There's plenty of seating all around the park with a lot of office workers sitting in the sunshine eating their lunches when we visited. It's a popular park for walking dogs with two enclosed dog run areas, one for small dogs and one for large dogs. There's a childrens playground at one end of the park and workers were putting up some art installations when we were there. Many beautiful large mature trees provided plenty of shade from the hot sun and we saw many groups having picnics and sunbathing on the large grassed areas.
There was also a large paved area with chairs for people to sit & relax in. I didn't see any public restrooms in the park.
This park is very similar to our favourite Bryant Park near Time Square providing a little oasis of calm and tranquility to escape from the maddening hustle & bustle of the Big Apple outside.",4,40.7421951,-73.98799919999999,POSITIVE,1
"Buy your tickets in advance!! Get the first boat out! It's early, it's cold, but it is the only time you will be able to get photos without throngs of people!! No wait to go up to the pedestal or through security or at the cafe or gift shop or any bathroom. Beautiful views and truly unbeatable without tons of people millling around.",5,40.7009236,-74.0151612,POSITIVE,1
"Visiting the Statue of Liberty was an unforgettable experience — truly iconic and worth every minute.

One important tip: make sure to buy your ferry tickets in advance. They sell out quickly, especially for crown access, and having them ahead of time saves you long waits and stress.

If you’re not afraid of tight or narrow spaces, I highly recommend going all the way up to the crown. The climb is a bit steep and enclosed, but the views from the top are absolutely incredible and make the effort totally worth it.

Overall, a must-see landmark when visiting New York City — historic, powerful, and breathtaking.",5,40.7009236,-74.0151612,POSITIVE,1
"Oh wow what an amazing visit… we used City Cruise, the official tour operator, they were amazing! We booked a visit to The Crown and so glad that we did. You do need a level of fitness & agility to a) climb all 352 b) the narrow winding steep steps .. if you can get up there it’s worth it. The view is limited but just to be there is a wonderful feeling",5,40.7009236,-74.0151612,POSITIVE,1
"Visiting the Statue of Liberty was one of the highlights of my trip to New York. Seeing this iconic monument up close gives you a real sense of history and the meaning behind freedom and hope. The boat ride to the island already makes the experience special, with beautiful views of the skyline and the harbor. Walking around the statue, reading about its story, and enjoying the atmosphere makes everything even more memorable. It’s not just a tourist attraction, but a powerful symbol that leaves a lasting impression on everyone who visits. Definitely a place worth seeing at least once in a lifetime.",5,40.7009236,-74.0151612,POSITIVE,1
"I recommend making a reservation in advance so you can visit the Pedestal Access or, if possible, the Crown. There are many different cruises, but it seems that you must purchase the Statue of Liberty & Ellis Island Ferry ticket in order to actually get off on the islands. I highly recommend going onto the island. There is a restaurant there and plenty of space to walk around.",5,40.7009236,-74.0151612,POSITIVE,1
"Free to visit and a wonderful place of history going back into New York’s newly minted independent days.

I had no idea New York served as the nations capital for the 5 years prior to having a constitution. So much happened at federal hall going back as recently as only 75 years ago. Crazy to think about so much changing in one generation.",5,40.7073993,-74.0102088,POSITIVE,1
So much history here - site of George Washington's inauguration. Get a stamp in your National Parks Passport and take one of the Ranger-led tours to get a fuller picture of the history.,5,40.7073993,-74.0102088,POSITIVE,1
Awesome historic site. I was able to attend the President's Day programs and enjoyed all the speakers. Highly recommend visiting this architectural masterpiece. Washington's inauguration stone is really cool to see as well.,5,40.7073993,-74.0102088,POSITIVE,1
"Federal Hall National Memorial
26 Wall St.
New York, NY 10005

If you are looking to visit a truly historic landmark, you’ve come to the right spot!

This building was once located at the nation’s former capital.  President George Washington took the oath of office; witness a piece of the actual balcony where Washington stood during his inauguration.

There is also a variety of other exhibits such as a Custom House and Coast Guard Art Gallery.

This location is only open on weekdays, so plan accordingly and get a taste of postcolonial history!

#federalhall #federallhallnationalmemorial #georgewashingtoninauguration #formercapital #coronthiancolumns #customhouse #coastguard #lowermanhattan #wallstreet #coastguardartgallery",5,40.7073993,-74.0102088,POSITIVE,1
"A very historical building with nice bits of history well worth a short visit. Looking at that to where NYC is now, you get a real sense of the progress. Intense.

Restrooms available - no ticket required.

When we visit the normal front entrance was closed, but follow the signage.",5,40.7073993,-74.0102088,POSITIVE,1
I wasn’t sure if the Berlin Wall segment would be easily accessible. But it was! It’s in a quiet little park-like area off of Liberty Street. Located just south of Pumphouse Park.,5,40.7117091,-74.0166011,POSITIVE,1
"A little hard to find, and construction near it/around it made it kind of off-putting but such a cool sight to see. I have been to Berlin and seen sections of the wall - to see a section here in America was surreal and unique. I just wish it had better maintenance and was displayed more adequately.",3,40.7117091,-74.0166011,POSITIVE,1
"A piece of the europen history located in the USA. Nice, also to take 5 minutes to think about what the human race can do.",4,40.7117091,-74.0166011,POSITIVE,1
"Situated across the road from the 9/11 memorial and the One World Trade Centre. It is in a quiet area and not many people know it is a piece of the Berlin wall, so there is plenty of space to take photographs and to pose in photographs.",4,40.7117091,-74.0166011,POSITIVE,1
"I served in Berlin from 1990 to 1994 and had much higher expectation for this tribute.  A single slab of wall and it's missing the smoothed rounded crown at the top of the wall.  I believe this section was called ""Chickenlips.""  Could have been better.  At least 3 sections with all components to the wall.  If you are going to do it, do it right!!  For anyone who may visit Berlin, do not miss the 1.2km stretch of Berlin Wall at the East Side Gallery.",3,40.7117091,-74.0166011,NEGATIVE,-1
"🤍🕊 World Trade Center – NYC 🕊🤍

This place… you feel it the moment you arrive.

The energy is completely different — calm, powerful, emotional. Walking around the memorial pools is such a moving experience. It’s beautiful, peaceful, and deeply meaningful.",5,40.7113396,-74.0110779,POSITIVE,1
"This place is an architectural marvel. The World Trade Center is actually comprised of several tall buildings, plus the 9.11 Memorial and museum. The most unique sight is the Oculus, which is shaped like a dove in flight, depending on the angle you view it from. The inside is as impressive as the outside.",5,40.7113396,-74.0110779,POSITIVE,1
"Visiting the World Trade Center in Manhattan is a powerful and unforgettable experience. The area beautifully combines history, remembrance, resilience, and modern architecture. The One World Trade Center tower stands tall and elegant, symbolizing strength and renewal. Its sleek design and impressive height make it one of the most remarkable landmarks in New York City.

The 9/11 Memorial is deeply moving. The twin reflecting pools, built in the footprints of the original towers, create a peaceful and respectful atmosphere. The sound of flowing water adds a sense of calm, allowing visitors to reflect and pay tribute. Seeing the names engraved around the memorial is emotional and meaningful.

The 9/11 Museum provides a thoughtful and well-organized journey through history. The exhibits are informative, respectful, and impactful, offering visitors a deeper understanding of the events and their global significance.

Beyond the memorial, the Oculus is an architectural masterpiece. Its bright, open interior and unique design make it both a transportation hub and a shopping destination. The entire World Trade Center area feels clean, organized, and inspiring.
Overall, the World Trade Center is not just a tourist attraction—it is a place of remembrance, unity, and hope that leaves a lasting impression on every visitor.",5,40.7113396,-74.0110779,POSITIVE,1
"Visiting the World Trade Center is both moving and breathtaking. The memorial is powerful and deeply emotional, a place of reflection and respect. The One World Observatory offers stunning 360° views of New York City truly unforgettable. The entire experience is beautifully designed, meaningful, and inspiring. A must-visit landmark that captures both the history and the spirit of resilience",5,40.7113396,-74.0110779,POSITIVE,1
"Visiting the World Trade Center and One World Observatory was an incredibly moving and memorable experience. The site is filled with deep emotion, history, and a sense of respect for all who were affected by the events of September 11. The 9/11 Memorial, with its twin reflecting pools and cascading waterfalls, is beautifully designed — peaceful, solemn, and powerful. The engraved names and the sound of the water create an atmosphere of remembrance and reflection that stays with you long after you leave.

The One World Observatory, located at the top of One World Trade Center, offers breathtaking panoramic views of New York City and beyond. The elevator ride is impressive, showcasing a time-lapse of the city’s development as you ascend to the top in seconds. Once you arrive, the views are nothing short of spectacular — you can see the skyline, bridges, and even the Statue of Liberty on a clear day.

Everything is very well organized, and the staff are professional, kind, and respectful, making sure visitors feel comfortable while learning about this significant place.

Overall, this site represents resilience, unity, and hope. It’s not just a tourist attraction — it’s a place of remembrance and inspiration that everyone should experience at least once. A beautiful and emotional visit that honors history while celebrating the strength of New York and its people.",5,40.7113396,-74.0110779,POSITIVE,1
"Great tour of the Hudson and East Rivers with lots of information about Manhattan and the surrounding areas. The ferry goes under the Brooklyn Bridge before turning back and taking passengers close to the Statue of Liberty. Personally I found taking photos of the statue to be much better from the ferry than being up close on Liberty Island. The tour group offers three different packages with different prices for sightseers. The tour guide made the experience better with fun facts and information about the New York skyline and Statue of Liberty. Our tour took about an hour from start to finish once we boarded the vessel. There are lots of photo ops with great views of Manhattan, the bridges and of course the Statue of Liberty. All the crew and staff for the tour company were awesome. I definitely recommend taking one of the tours offered by City Sightseeing New York.",5,40.7595426,-74.0037981,POSITIVE,1
"Unfortunately we got tricked into taking a boat trip on the Hudson River because supposedly where the free ferry was there was a refurbishment (my fault,I didn't check). We waited for a bus to take us to the ferry for about 20 minutes, then another 20 in the bus and probably half an hour to get to our destination, through huge traffic jams. We were promised free snacks which was not the case because the ship is operated by another company. The views are nice,but I do not recommend. Scam",3,40.7595426,-74.0037981,NEGATIVE,-1
Nice short cruise to see the statue of liberty and was able to take this shot off the boat. We used pier 78 at Hudson River Park and the staff was nice. If you're in NYC I would highly recommend choosing them as you tour guide on the Hudson River.  But make sure you book in advance.  Tickets sell out fast!!,5,40.7595426,-74.0037981,POSITIVE,1
"Really great experience. 10/10 would recommend.  This is a can't miss activity when visiting NYC.  90 minute tour gives a lot of bang for the buck and easily fits into even the most packed of itinerary.  Easy E ticket purchase options allow for booking in advance as well as a last minute addition...just show the QR code at the dock and board the ship.  Easy, conventions, we'll organized tour.  Ship is clean and spacious with no over crowded feeling.  Staff is friendly, welcoming and knowledgeable.  Beautiful and unique photo options from the Hudson River vantage allow for some truly magnificent sights for passengers who are from all over the globe gathered together for shared enjoyment....just a really great atmosphere overall and it does not get much easier.  Don't sleep on this one.  It far exceeded all expectations.",5,40.7595426,-74.0037981,POSITIVE,1
Great tour to take off you catch it during the non peak time. We got half off our admission and had a great time. They give you headphones for the narrated parts of the tour and it's in different languages,5,40.7595426,-74.0037981,POSITIVE,1
"Take some time for yourself. It may appear that those in your vicinity are preoccupied and disinterested, but bear in mind not to interpret it as a personal slight. You want to create a fulfilling life and once you regain your equilibrium, you will start to attract the positive experiences you seek.

Love

When you're in a mood no one near you can escape the dark night; can't you let other people be happy if they want to be!",5,40.7143512,-74.0029927,POSITIVE,1
"It has the historic architecture that would remind you of Egypt, Greece and Italy with their columns. Unfortunately the subway line under Foley Square made me think I was in an abandon station. I thought great place to film a horror film.",4,40.7143512,-74.0029927,NEGATIVE,-1
"A must to see on your trip to NY. The old and new architecture are fused in a most rewarding way. The area is packed with great sights, you just need to keep your blinkers wide open. Lovely area to spend an afternoon.",5,40.7143512,-74.0029927,POSITIVE,1
This place bumps tickets to record fast service times for GM bonuses. As soon as u ring in ur order it should not be serving now side while ur waiting 15 mins to get ur food. Had to wait 10-15 mins for 2 apple pies because they bumped all together. Employee forgot about even making them smh. Thats unethical to bump tickets. There is no accountability nor reason to expedite food when there is now record of time from order to customer hands. Feel like calling franchise,3,40.7143512,-74.0029927,NEGATIVE,-1
"This square features paved walkways, seating areas, and nearby historic buildings. Visitors can enjoy a brief pause, people-watch, or explore the surrounding civic landmarks.",4,40.7143512,-74.0029927,POSITIVE,1
"I have had several friends who have done a quest and they loved it, but I was skeptical. And I was wrong! I did the Irish history quest with a friend of mine and we had so much fun. The riddles were just the right amount of hard and we were always being directed to discover little interesting details around the city that we never would’ve noticed had it not been for the quest. And the facts about Irish heritage in New York were really fascinating, and the whole experience was such a pleasure. We also love that it ended at a fantastic bar and we got ourselves a drink to celebrate the end of an incredible two hour experience in the city.",5,40.7096248,-74.0093371,POSITIVE,1
"Part scavenger hunt, part bar crawl, part low-key entertaining walking tour. I had a blast, got to collaborate and feel smart, I got to drink, and I learned a bunch of new things about NYC!",5,40.7096248,-74.0093371,POSITIVE,1
"As a native of Ireland, I was somewhat apprehensive that the Irish Quest in New York would simply offer a stereotyped view of the Irish. IT DIDN'T. Firstly, it was fun to solve the riddles and see details of the city that I would normally have overlooked. Secondly, it elicited a very balanced insight to the personalities and roles of the Irish from laborers, to tradespeople, to social workers, to political activists, to entrepreneurs and drivers of change and betterment.",5,40.7096248,-74.0093371,POSITIVE,1
"A group of friends and I did the scavenger hunt (murder mystery) in the Seaport area (Financial District) and it was really well done—we had such an amazing time from start to finish!
There was even a pleasant surprise at the end (but I won’t spoil it for you 🙂).

I don’t know the creator of this game, so this is a truly honest review. If you have some free time and want to enjoy a fun and different afternoon with friends, I highly recommend it!",5,40.7096248,-74.0093371,POSITIVE,1
"On the Irish Immigrant Trail hunt I started at a trendy coffee shop in Tribeca and solved my way past City Hall down to a pub (Irish, of course!) in FiDi. The riddles are challenging and fun and opened my eyes to many interesting details in these neighborhoods. Along the way there were some interesting stories about Irish immigrants - I learned a lot! It was a great way to spend a few hours and I felt I deserved that pint in the end!",5,40.7096248,-74.0093371,POSITIVE,1
Nice spot along the water to honor the veterans of Vietnam. Good map of Vietnam and views with emotional letters expressing sentiments of the time on the walls and names honoring those that have fallen.,5,40.7026773,-74.0097895,POSITIVE,1
"We went here in 4th July to see  macy's  fireworks 🎆. It was an amazing experience to be there for such mesmerizing  views .The sky turned red and blue.

Just like a movie cover as a Hollywood dream.We had captured a few shots, and it turned out our favorites.

People were enjoying and taking grand pictures  while being on pathways.It were filled with lights and even sky seem incredibly colorful.",4,40.7026773,-74.0097895,POSITIVE,1
"Went here on 29 March 2024 to pay my respects to the Vietnam veterans🙏⭐️.
Beautiful and quiet location. I really enjoyed reading the ""inscriptions"" and letters from the soldiers about their experiences.

I am not sure if it was intentional or not, but I think the placement of this Vietnam Veterans Memorial site is absolutely perfect as it is situated across from Pier 6 where helicopters frequently land and take off for tours. It feels very appropriate and well-suited for war memorials from Korea, Vietnam, and onwards as helicopters are so essential for search and rescue operations, transportation of wounded soldiers, deployment of small teams and specialized units, and supply drops.

I was the only one there when I visited just before 1900h. My mission for March 29th was to visit whatever Vietnam memorials I could find in NYC. I found this one and one in Queens. I visited both. I'm sure I will discover more as I find my way around New York, mostly by walking so I don't miss all the tributes, memorials, and other ""hidden gems"" there are that are perhaps not as well known or on any online maps. 🫶

#Honor #Respect #Remember #Veterans and others who have sacrificed so much for freedom and democracy—truly for all the peoples of this world. Thank you. 💪❤️🌟",5,40.7026773,-74.0097895,POSITIVE,1
"Relaxing and quiet in the morning, water feature and benches, shaded areas and a view of the helipad.",5,40.7026773,-74.0097895,POSITIVE,1
"Absolutely stunning monument in NYC to our American heroes that fought in Vietnam. Emotional looking at all the names on the wall, thinking of their sacrifice 🇺🇲💪",5,40.7026773,-74.0097895,POSITIVE,1
"Great venue for a DJ set and a drink. Outer Heaven curates an immersive listening experience without being too overwhelming or pretentious.

I came here to see The Dare and other DJs for Freakquencies. The visual effects and sound system blew my mind and absolutely elevated the experience. It’s a smaller venue but that allows you to be very close to the DJ which makes the vibe a lot more intimate.

Outer Heaven also boasts good bar essentials, a lot of bathrooms, bartenders, and seating. When I went the coat check was free and the staff were chill. There was a line but it moved quickly. The bar has standard Manhattan prices so don’t expect a bargain.

Overall Outer Heaven offers a great listening experience if you’re coming for a DJ set or live music event. Otherwise I would pick other bars in the area if I’m just looking for a drink.",5,40.7220384,-73.9924255,POSITIVE,1
EDM music was vibing. Really appreciated finally finding a good dance spot. Was packed and the strobe lights were intense but really glad we went. The line was definitely a bit of a wait. Didn't get tickets ahead of time and a lot of people let in ahead of us but was sort of part of just showing up. Didn't get food or have table service so can't speak to those. Was hard to get a drink at the bar was crowded and people didn't really move away once they got their drinks. Would have been nice to have a dedicated spot where it was understood people move away from that part of the bar for other patrons. There was smoke machines and was overall a good vibe for EMD.,5,40.7220384,-73.9924255,NEGATIVE,-1
"Super beautiful design, with proper flow from entry to bar, dance floor and bathrooms. The sound system is top notch! Excellent experience but little respect for culture as patrons SHOUTED to each other on the dance floor, despite multiple signs encouraging conversations in the bar area. Even as the sound allowed for a normal-volume conversation, the amount of groups simply shouting on the dance floor was really irritating. Security also did not enforce the club policies that were in plaques all over the club, so then what's the point?",2,40.7220384,-73.9924255,NEGATIVE,-1
"Not bad. Definitely crowded and you might have to wait up to an hour to get in. Would be worth it if the music/ DJ is good. Tip the coat check lady for sure because it gets crowded and overwhelming for her. The atmosphere was pretty cool. It does get sweaty and smoky since people are smoking and dancing on top of each other. Also, ladies I'd suggest wearing something comfortable. There's no cover charge. Depending on the DJ you might hear house music but its more new crappy influencer music. Very new Boiler Room vibes which personally I don't like. If you’re claustrophobic, have anxiety, asthma, or have a weak immune system: PLEASE AVOID LOL.",3,40.7220384,-73.9924255,POSITIVE,1
I mean it might’ve been the Detroit night I was at August 2nd. But it was live from 11pm until close. From the first dj until the last dj the music was so good and had a power to it that was attention grabbing & gave so many people energy on the dance floor. The cocktails were a 10/10 and the service was great! It was so busy that it did take a while to get a drink and that is not anyone’s fault it was just a really good time!! One of the few places left in the city to catch a high house/techno DJ with a packed house. They also often have a great selection of sake!!,5,40.7220384,-73.9924255,POSITIVE,1
"Great Creole restaurant with an awesome vibe!

Came here on a weeknight. I made sure to make reservations ahead of time, since the restaurant tends to be busy. The place was crowded, but we got a table on the second floor right away.

For appetizers, we ordered the Honey Chili Brussels Sprouts and the Cajun Shrimp Skewers. Both were delicious with a ton of flavor. 5/5 for appetizers.

For my entree, I had the Cornmeal-crusted Black Sea Bass. It was also really good. The fish was seared perfectly, the vegetables and lemon butter sauce combined with it perfectly. 4.5/5 for entree.

For dessert, we shared the Hummingbird cake. I enjoyed the cake filling, which was coffee flavor, more than the rest of the cake. 4/5 for dessert. I think next time I might order the Beignets or Bread Pudding.

The atmosphere gets a 5/5 for me. And the service was very good. I think this is a great restaurant to experience the New Orleans vibe without leaving NYC.",5,40.7154539,-74.00733009999999,POSITIVE,1
"The service was great! Everyone was friendly, from our server to the food runners.

The food was overall good.

The charbroiled oysters were delicious, and the Brussels sprouts could have been cooked a little longer, but they tasted great.

For our mains, the sauce on the Branzino made it a bit soggy, and the short rib Ragú pasta could have been a bit more al dente.

Sorry for the very opinionated review, but it’s with good intentions.",4,40.7154539,-74.00733009999999,POSITIVE,1
"What up, y’all! I’m back again with another date night review ✨this time for 1803 NYC; a Cajun restaurant located in Tribeca. First off, I love the aesthetic of the place. Decorated with floral elements and fluer de lis fencing, it’s like a small burst of NOLA in NYC. They also sometimes have a band playing live jazz 🎺 Since Babe and I have been exploring all of the raw oyster options we can, I HAD to put him on to the charbroiled version! 1803 NYC does an amazing job with them too; buttery with the perfect amount of spice, they’re definitely a 10/10. We also got some raw oysters, of course. Those were delicious too 🦪 We then got the Brussels sprouts and the sea bass. The Brussel Sprouts were cooked to perfection with a crunchy outer texture and a pillowy inside. And the chilli sauce it comes in? Absolutely BAGING! 🌱As for the sea bass 🐟I wasn’t expecting it to come fried (though I don’t know what I expected after reading cornmeal crusted but ya live and learn right 😭). Either way, the fish was super meaty and well cooked. I also loved the lemon butter caper sauce it came with. Though I personally wasn’t a big fan of the frying mixture used and think the fish would be better served grilled, I enjoyed my overall dining experience✨ Def recommend this spot for a date night or an after work drink 🍸 SN: I LOVE the sauces that come on the table. The Fresno chilli has a vibrant kick while the green sauce was a bit more mellow but packed with flavor. 🌶️

I also wanted to give a quick shoutout to our server, Bridgette! She was super sweet and not only accommodating but also ingenious. When I wanted a refill of my glass, she left me with my original glass and returned with a carafe. I just thought that was so smart (though I’m sure for her it was a no brainer 😂)",4,40.7154539,-74.00733009999999,POSITIVE,1
"The staff was beyond welcoming, attentive and friendly. The Oysters were beyond disappointing! Nothing like Drago’s in New Orleans. The meat of the oyster’s were so small there was almost nothing there to eat but the sauce, which was good but there was little meat there was; shriveled! Please don’t order the oysters. I should have sent them back immediately. The bread was soft and nicely toasted but no butter.

The ribs were fall off the bone tender but it needed MORE seasoning! They needed , heat,  spice and or citrus. They needed something to balance out the sweetness.brought mine home and reseasoned them with garlic and jalapeño, and added Adobo.

The best thing to me was the gumbo. Again more seasoning! What do they have against onion, garlic and Tony’s.

Finally the bread pudding top with butter pecan ice, delicious! I finished it right there.",3,40.7154539,-74.00733009999999,NEGATIVE,-1
"Perfect brunch experience!!  The food was delicious.  The live music excellent.  Atmosphere was inviting and fun.

The bread pudding was the best thing I ate in a long time. Incredible mixture of chocolate, caramel ice cream and of course bread pudding.  Highly recommend!",5,40.7154539,-74.00733009999999,POSITIVE,1
